{
  "generated_at_utc": "2026-02-28T19:05:47.113006+00:00",
  "rows_used": 2650,
  "features": [
    "latency",
    "throughput",
    "availability",
    "reliability",
    "response_time",
    "latency_ratio",
    "load_factor",
    "availability_weight"
  ],
  "models": [
    {
      "model_name": "GradientBoost",
      "best_params": {
        "model__learning_rate": 0.05,
        "model__max_depth": 3,
        "model__n_estimators": 200
      },
      "cv_r2_mean": 0.3786187057450457,
      "cv_r2_std": 0.02812573631179509,
      "cv_mae_mean": 1.4873179837681034,
      "cv_mae_std": 0.05263711764309014,
      "cv_rmse_mean": 1.8538912242103411,
      "cv_rmse_std": 0.055307259458340745
    },
    {
      "model_name": "RandomForest",
      "best_params": {
        "model__max_depth": 12,
        "model__min_samples_leaf": 2,
        "model__n_estimators": 500
      },
      "cv_r2_mean": 0.3615906547331395,
      "cv_r2_std": 0.026508655385390212,
      "cv_mae_mean": 1.513291632325354,
      "cv_mae_std": 0.054669367345626795,
      "cv_rmse_mean": 1.8793563983291275,
      "cv_rmse_std": 0.058097736886215
    }
  ],
  "best_model": {
    "model_name": "GradientBoost",
    "best_params": {
      "model__learning_rate": 0.05,
      "model__max_depth": 3,
      "model__n_estimators": 200
    },
    "cv_r2_mean": 0.3786187057450457,
    "cv_r2_std": 0.02812573631179509,
    "cv_mae_mean": 1.4873179837681034,
    "cv_mae_std": 0.05263711764309014,
    "cv_rmse_mean": 1.8538912242103411,
    "cv_rmse_std": 0.055307259458340745
  },
  "ensemble_models": [
    "GradientBoost",
    "RandomForest"
  ],
  "ensemble_holdout": {
    "r2": 0.680396272350167,
    "mae": 1.070617716949457,
    "rmse": 1.3324372674383775
  },
  "feature_importance_plot": "feature_importance_20260228T190546Z.png",
  "xgboost_used": false
}